UUID,normalized_BdotN,max_max_force,dcs,dcc,length_target,force_threshold,max_MSC,max_kappa
52ef253d6db64c7786c44c57f931331b,0.0030830746811412,7806.304222009989,0.1889461211450678,0.096800608899797,5.064269919661486,7804.267868105351,5.410938537103013,4.735555691764315
fbf7da55b1a241afb8d0d4c423eef5d0,0.0001066859430693,10775.100368317488,0.2357819358685569,0.1199060134323509,5.236896431078778,10752.624239835028,5.035792966079921,5.544075026278955
a595834512794985b0a79ffc1e6e904a,7.43284435789235e-05,11262.099236991333,0.2449117497440693,0.1140505395432026,5.213428930408089,11261.221276987995,4.611005938724572,4.7674677894819935
547f92e965c5423b9f933a8bac985d9b,0.0028060243939423,7868.213232376303,0.1920067560450674,0.0974020951648793,5.101392211886624,7867.093476082715,5.362595260434814,4.6807080535616485
7eb8d6d56a204f4889c39b2a49407bbd,0.0009381623396601,8567.069879828832,0.2148501424405142,0.1092222459817678,5.224765386875378,8377.040562972368,5.988350491775667,6.001618271605892
3e122d6e642d4e25ada795227784d756,0.0001333376682256,10534.327005543071,0.2300876577384939,0.1097497948013415,5.183316501483062,10534.084660302986,5.034322000079517,5.467738705265827
5caba9b770fd461b89eda4daa2053ac0,4.263932062281248e-05,12649.513681346703,0.2634784766349514,0.1034570626662706,5.233236857786418,12649.483527387352,4.918006582329413,4.6766816989125415
59c8343e18744620b29a0d55ec85b39b,0.0021834279738914,8103.291939656817,0.1967737199085518,0.0954379293404446,5.132849020389682,8102.479069867727,5.290292598123733,4.744033390221841
319103faa71c4dafa229aac41a6dfe3d,0.0008807601049309,8600.688347240814,0.2194376312698281,0.1103549680730222,5.239161637864594,8415.743909571496,6.028275046509627,6.16224920283102
14fbb1e7e91c419d8b84161107564095,0.0001901173956013,10170.518394633644,0.2223491533376196,0.0929623771321572,5.239634474718607,10140.549941749035,6.067699489536371,5.850646659359004
6314136a14c4441293377e6ef861cb21,0.0002876753300566,9804.845558702338,0.2134741988580963,0.0899792011850923,5.217146737299918,9804.755279469957,5.954353510395236,6.959273533979816
ae4166de17ce4289a023b7b5fe7c63d4,4.294261117455699e-05,12647.359371792409,0.2635516311378361,0.1033231128093427,5.278414647530865,12647.33228756986,4.843342225390557,4.6583794729095
dcbfcef1b8534a33925878a740766415,5.042654738222453e-05,11971.23797807777,0.2560774642926414,0.1065615435914338,5.239781248986191,11971.184789440387,5.682732027549562,4.981607656597462
0cc80b7581914ccd9d33bbe06f0a979f,0.0029429347174778,7813.048755336232,0.190073176238673,0.0972744912155481,5.102473350990835,7811.08163841557,5.385160610918446,4.727372151843032
53b105e1c9584ef9a51fa21507047c09,0.0002104950786312,10092.610745472475,0.2209609398687511,0.1103110141003561,5.202302349937533,10092.577174575035,6.0172768211619285,7.0432988947339465
553829e179af4b0fa5b900b152d5f60a,6.256462392748965e-05,11540.319310030802,0.2493558833966241,0.1114911258754549,5.212394576759515,11539.767910057526,4.408245252656285,4.239457060754546
b758cd0d1d3e42ceafe27ab67c40eb49,6.848227084919192e-05,11385.42367441336,0.2463423691139221,0.1136691900684415,5.184705025926967,11385.334496426907,5.656605151226204,4.794322824927856
6266c8d4bb25499b899d86e9e3dd2ee2,3.963952282481951e-05,13959.58074276339,0.2707974372586043,0.0971022516630656,5.214320710111177,13959.143050144448,4.702185877006289,4.752081461129411
285ddb0c49a5497eb79603c52b241078,4.3181181096175286e-05,12618.50127970578,0.2632841394935064,0.103475642879907,5.202917895220366,12618.4815619554,4.874591421756618,4.683508489895287
04c1bc997e7f41e9b038d2201028582e,5.191396878240704e-05,11904.355198716255,0.2551264333672476,0.1072316311163002,5.214000276325053,11904.394346267029,5.674928620820943,5.033060816912011
5d58636349294dd4ab0255e914e2b72f,0.0005578541038257,9182.38948884159,0.2203041578472698,0.0931078569466107,5.229339186785138,9182.14524275751,5.990160833043059,6.431325261739753
14e1d1dbe72f4143895c048ecf2d4d3b,4.791261886154743e-05,12137.252185200468,0.2590096671736285,0.1042410975736414,5.2602932549945045,12137.201122203627,5.734795649016154,4.972487382701375
535be3af58de4d86acdd6567bf3d909a,9.520468912723156e-05,10897.145926980964,0.2368913058466518,0.119990800933006,5.197433655899592,10893.07646042436,4.748693656435082,5.024554415169783
40fd37ab5a734f1e9e2cab5eac617440,0.0005673236467399,9097.873346787925,0.221613342485942,0.0979177758762699,5.2485473221512144,9097.581299496786,6.027460825297045,6.435455830799469
53053ed60fd1423f99c83c7e55eacb55,0.0028158880256313,7853.928429576461,0.1916397873314887,0.0959120764565343,5.120958817886409,7852.486152739149,5.335016593967187,4.652365749848671
0bc19b32862f454f9bd11ea3c6aee5aa,0.0004901778089477,9382.859940758266,0.2228505709475278,0.0985863990042235,5.222321915730035,9382.59522631394,6.043257020093051,6.454233006936863
c793e830530249c6baafbf177cdc87fa,0.0001020119143083,10807.232647479126,0.2348693524410337,0.1212739902629776,5.237803859836619,10805.022524817943,4.249215619919477,4.844118596240985
9658968ac56443fe8d0bb5463d7b9bdc,0.0002498404629006,9940.953656741469,0.2150383063730546,0.0937766446195185,5.245189799974229,9885.864593161024,5.679682446564823,5.688818635814242
f2805c9c6d1945828c497051b28b5b41,0.00012533468301,10590.468724057946,0.2324533894922986,0.1177428883869393,5.244074206413185,10589.262639444329,5.354326405585993,5.989263728215733
9e232e7774eb4e65b39b95c9a36e6951,0.0001212527764438,10619.47852725052,0.2318394772207573,0.1196581787301924,5.223067885118517,10589.35524091842,4.932942291459023,5.495285674805313
6dd06ae15d6443f19b7e04ae9a016c5e,0.0001359015621086,10491.08644542785,0.2279263974276996,0.1018300135751056,5.208398289654139,10490.635644021066,4.779530185861744,5.301653257147741
e06fbd4c480e46e39a37a0f4776bc46f,0.0006676198058778,8923.783714237485,0.2179321012237191,0.0954298314914855,5.220287150493724,8923.42424425922,6.026374187578784,6.555952671206007
c5cb08cdf1bd4825b7e65e4b9223eb7e,4.474715492779636e-05,12389.943304352804,0.2624095749296151,0.1019309800974008,5.2266814906842365,12389.924729450611,5.61296705539837,4.960590729271143
5dfc22547b2b423391d7e8d3bdc7cf85,0.000349196972432,9675.411921971072,0.2083901486421331,0.094856060182483,5.232151260697063,9633.22343440248,5.966921900244756,6.616658980513968
e4c88176575642dd9a95329029a1d366,9.144753971374328e-05,10999.802479549024,0.2404301630460932,0.1167181566312322,5.250075002379809,10999.760860392224,5.78073456506544,5.331237125432106
a24eae49cb234ab08dfcd01ad4e6a115,4.592787114923434e-05,12369.608155589622,0.2593994595757741,0.106875557958571,5.302549227652052,12369.577077466956,4.860667332293636,4.644046966537918
8994ff57972c42eba4333bec31cb57d9,3.9884810068971184e-05,13774.07148627976,0.2712343031145556,0.0989503855184823,5.2901394398903765,13773.16444398134,4.708495185447116,4.717915382604919
497415d4660448d3bcffbb43e4c8cd49,0.0001343208931807,10506.8187452214,0.2301454333711358,0.1206297408930442,5.246091295907176,10504.434250092769,5.3552549346429705,6.092260871974484
8de9f59cd1134b3db8fa5470a2fd1a6e,0.0022691220913198,8074.412325543861,0.1963178211060117,0.0951009909985617,5.116478692782442,8073.714607666506,5.312738634699134,4.751861700598348
63c2000864904117af94fe9e14e97ce5,0.0002715572192775,9823.065671401955,0.2137172209926277,0.0875848153096457,5.238359509339008,9822.947260660058,5.937503090632889,6.907585177337412
4f9c6938e97643dbabb844d4753fbaba,0.0009350229649363,8569.481992337822,0.2166211298064303,0.109831637358791,5.233785576037239,8371.668944710944,5.976969558595343,6.007160506313696
a8c2f148b8bf40729cc95bcfc44fec15,4.037915975430109e-05,13744.431711644707,0.2707470646847066,0.0962859726073978,5.189458972261169,13743.247964119244,4.687604359766316,4.710324484069056
3be3b66c07b441f5833de146bd3510c2,0.0003945420311027,9568.988392320563,0.2059620553826958,0.0911653807641218,5.20627504214894,9568.753817249126,6.121242623552604,7.012426384651028
f9e5bc3d99c8444780c2feae2e6989eb,7.30470288726364e-05,11281.287728126175,0.2447855678909806,0.1142199580134237,5.247014883401513,11276.857745160063,4.153996360571735,4.474825369982762
ba22eb60e7434b94b03ea8722608a0ac,0.0001099959785761,10678.729093275231,0.2327198566619077,0.1224400145396757,5.2447545378892135,10678.417261494997,5.079435166576991,5.683415503912951
80d7b0a269434ff49f8a63cbb21ebb94,6.609907959898188e-05,11388.544584234329,0.2471389487629983,0.1125637891544528,5.240473722620309,11387.866371441594,4.401861536323555,4.478784029112072
ff66cc2df5884480800c1dc18cce2de2,0.0016467009956506,8288.840883006098,0.2020791181806354,0.1051900027715578,5.224451912211581,8242.990450943167,5.462836615646989,5.471944403892994
37f2c1dbe7d2476a9369d63bb9b95704,0.0002899317960873,9785.252802940036,0.2125985647260082,0.0875569030603261,5.221908325729252,9785.1546031775,5.971035692485534,6.934853854174138
f1f0786a4bc445a99b47059ce162c53b,7.050704622711124e-05,11340.597227946337,0.2462323592586204,0.1131927366278475,5.246715067198261,11335.974068554646,4.22942762148485,4.53580614397669
f2448279840f46b98a8b8440b7f8e262,4.462516709725819e-05,12525.44211065201,0.263603445602104,0.1015184732672782,5.201026129200678,12523.700295429737,4.375379934542738,4.511866556667675
4f5b7163ea5b4eb18b61967ccb690341,7.422214059929015e-05,11277.542355668002,0.2445057654824873,0.1145003176363791,5.218783033059729,11272.939467943332,4.112502783859927,4.458421508747849
b64fe1d24db4450fa44372f67e70b26a,5.348404763980369e-05,11854.04393843886,0.254373116115701,0.107677411384424,5.212390457206578,11853.920860232403,5.691959417280194,5.027381708124104
0a4fd00e8a5845a8bc5380d72cac77f2,0.0017024448021089,8285.231979119819,0.20510324974639,0.1073280313025598,5.228887811935134,8237.685287988126,5.421832972741425,5.442086009295303
f2263c2333974c7ebe174fcbb0928fc9,5.096447449985011e-05,11926.830446065022,0.2552816820748847,0.1074098239034658,5.249702011816009,11926.770952073266,5.760284232060793,5.047506094839353
e941bdf82b434a6eb8c925b2149f0e0b,4.7176888475525e-05,12246.739201134484,0.2573085825545446,0.1084937669077147,5.275166506126807,12246.703686275065,4.974182258557,4.651072541644293
4864e7de963c4636835b6e1af9b7b803,5.211752595716345e-05,11875.040925207157,0.2544837275601184,0.1078983367860771,5.234242406672424,11874.95970110547,5.682933043710433,4.9968350479625405
c6aa62a1344341e8a333301fc9cfa66b,0.0001013294778654,10814.473355682308,0.235923255303222,0.1199469596094058,5.238372670213172,10812.370617033566,4.483065807006917,5.118891662761477
8dc175ad0eac4e8c83bc233341118fd0,0.0002333020078282,9979.603137725093,0.2176399956719732,0.1112068902922838,5.22994579029401,9979.555594774738,6.0617284548296135,7.032154599151633
69207ff490e2442db687d62f11d1ac52,7.754437628368631e-05,11145.444733324495,0.243108384788592,0.1148767745150751,5.244268556654416,11145.356644770847,4.967953859966182,5.161320048513991
916c2a9598214332b98282641205efc5,0.0001469225277805,10409.532684442338,0.2264769871660966,0.1001645728769874,5.2109291699806,10409.08331309291,4.909463872987651,5.613730063969408
078ec385e3a84ed79bedb85b9f24b3c7,5.217056728511035e-05,11871.273248999018,0.2544237249411344,0.107954383838086,5.235018723352195,11871.189569759306,5.697845728731607,5.005538204814153
b991accd754a45078bf3a27235f2fbab,0.0009974563278904,8474.24790997012,0.2103645912379391,0.1115018904293066,5.2263042008552985,8275.039003896183,6.026680038368429,5.965125922233886
92b338dc0302484883129a6a44ea029c,5.278148396826475e-05,11854.221372462653,0.2542943292247493,0.1079876999206808,5.220347178732963,11854.158516742096,5.667364880367988,5.033438213168143
0dc545a64f4a4cf28ffeb804206328e5,4.079995443107131e-05,13617.346060444352,0.2703296811669355,0.0992910337033702,5.184908006380148,13615.582060787963,4.754146910994894,4.72738756939227
986ab3b69dd84c679fa10ab9bd7ba108,0.0001292770319191,10583.820212011366,0.2302612761783589,0.0972125436473536,5.19879122550757,10581.29487488928,4.537709081254585,5.092085685891545
ea2d8b8118194880986ea817c92d452b,0.0001452999835071,10453.803848092311,0.2274144638798443,0.10843669094937,5.208109518105152,10401.413222737354,5.0837494676772055,5.61065360822283
94f8c497cbb34652bd6644557bb9e00f,0.000107026654893,10718.866705054796,0.2331123496353107,0.1219213184453231,5.246391389816968,10715.671320945708,4.636357954315457,5.105582286449619
82c07b1b058d4395b8a5bff14aa5662d,7.395203689093354e-05,11279.699876034088,0.2447416160491988,0.1144205804305997,5.187041950857991,11278.799811995314,4.200614604066533,4.449684554813464
88f9dcc0cc774109ae328497713be555,8.177379471275997e-05,11116.325646004576,0.2417780544803824,0.1165881561978408,5.2041957103108505,11114.894651077351,4.175097598056379,4.7142330100599965
abdbf95313914e679936d245d0be0772,7.518098380544088e-05,11248.79803490002,0.243733559455726,0.1153705039101238,5.234057464887148,11244.190162276072,4.175593968630508,4.50605521948202
91879971e6fc413f8af03a66b716da7f,0.0006782591479987,8916.893586472996,0.2184770587025446,0.0966520090550473,5.215191549374273,8916.583071470004,6.035459858319916,6.564864675150467
cfca21918ef344e4ad8b5c8117c31e5d,0.0004121039090797,9538.829051279512,0.204492743263993,0.09169393704386,5.189036994249334,9538.63303245386,6.163670669713388,7.130799571655797
088adac055754e56ae8a0e47b957f9f6,0.0032139795570029,7702.642457112204,0.1861121468335789,0.0983424932848403,5.116289959694236,7700.003733462465,5.460789899608893,4.879791448122001
4eabfe2335d4425385df507510abae88,4.641629897900296e-05,12353.034037925803,0.2620162571757258,0.1026858979155724,5.233420302612719,12349.305068717367,5.108975245938938,4.450510257298432
2a90fea34a044f40acc4b598123f1052,5.4101239274903625e-05,11818.451099630967,0.2538375301421987,0.1082491384557275,5.222247352672699,11818.365902271717,5.655082637189969,5.001869524600985
454780fb3dd94aadaa93456a79d85000,0.0001343022814946,10513.44943588994,0.2302483529446702,0.1220074063041047,5.236874903165423,10511.077911338596,5.355011063407032,6.088779459867384
0f08cd41bef34007b2d57ebb323f8d55,7.144267092234201e-05,11335.012337465225,0.2459762061287133,0.1135537020768216,5.240216201980837,11331.113670167357,4.195807555986402,4.477593943045286
38be467679a9440585e8021cd0228225,0.0004658191962813,9479.801466177223,0.2022546980022585,0.0917532131399349,5.166833588078063,9479.43843261412,6.116614932591533,7.034514411790433
e28430e981c641ec954460566d0511ac,4.918479472920135e-05,12033.691087460773,0.2571764227536868,0.1058205088618339,5.237429962649713,12033.62904939744,5.752868489638663,5.030205352573835
2f372ebdcfd544559550e4797bb158c0,7.044009963610141e-05,11377.667666755771,0.2469585734860022,0.1128598757821369,5.232379604384213,11373.2116297894,4.171084710405044,4.33300617073752
3f20579bbb574244a95b286a9d6285f3,0.0035313113528642,7677.175050525399,0.1838434572371026,0.0958684962367177,5.0816316778052775,7674.77417943147,5.401016746133047,4.945921170144451
0334a6b99a104605becfb20fb0b2bb79,0.0001202933551663,10624.943061301226,0.2318706322355473,0.1230606951638647,5.242895755184991,10589.287527378889,5.112128785055406,5.671754685257941
aebf5146785f4803bd90332cc486e163,0.0001814288415834,10232.819364452089,0.2241459059844287,0.1015728199012327,5.2127602638408055,10232.784046804423,5.801735032357879,6.62651840417954
0c9179fbf9614260b1e5e0fdb164f9aa,0.0008606018773468,8606.084200354406,0.2181808463424133,0.1063372577131426,5.237096887081633,8440.715160054247,6.02044038134563,6.132247406030216
fd667d1b872c4965a549bcacb3fbace7,9.309435368655364e-05,10976.992372082195,0.2392854670158343,0.1178035510451468,5.1849949781765154,10974.315967144395,4.559422431055856,5.0758174522109964
f69b7d22988e4adf8af2243bd55cfbf4,0.0002946666302505,9775.737304759474,0.2122596650183343,0.0876198396079235,5.21486992127301,9775.63887936027,5.973771168709825,7.037308514514757
b5b37872c3d44cb5910a15812b1c8bde,0.0003710173228087,9597.51953657267,0.2073130783967421,0.0911501695901861,5.230337145941705,9597.342297358333,6.145779645597829,7.049638133107368
21c6bb0586d947cba36d3794c57e0c8a,5.764949144627256e-05,11662.336626818813,0.2503126582635837,0.1113869609232285,5.331659669713623,11662.24357893693,5.802359783130719,5.102844383047911
64304179c1584809ae3678c453a9e1c1,4.211518932180921e-05,13430.383548155263,0.2676127748192368,0.0989512342735058,5.399303442386999,13428.474221053826,4.692559161148663,4.723522410235119
08834e0feea645d7a153f9100afbbfeb,0.0036747891733187,7618.464760429569,0.1788763232869782,0.0943322804801232,5.08391420138956,7616.506509201521,5.501712044269729,5.248758494520921
881b166b6ddb4f8ebe4a2b63d6cb9bc1,0.0003316365805099,9701.606712568391,0.2093698869830534,0.0946913495819153,5.240879778642108,9663.615148452423,5.97531680490661,6.609804789725695
2730fa3b7c1b4a2489da7ec78ec36db8,0.0001997119669308,10160.989260656064,0.2220035150270713,0.0981304422357386,5.197653955595081,10160.910169179127,6.09893255101899,6.570594047041372
5f547464efe346a3a412dc30dd381a6e,0.0009737879115837,8553.443388482023,0.2148143883192133,0.1164104916627847,5.23594559612357,8327.119895747135,5.9747685667563175,5.941576404190485
26cfd3bf4f914654998a5a503b1a2748,0.0003165748488234,9723.31288170155,0.2096659791783396,0.0995206927136408,5.247903080195549,9723.1385767369,5.855506889166003,6.805385633570157
bd35f485f70d4a1f95fd8ae6055a7b30,9.403573989691636e-05,10910.601808599977,0.23828645488688,0.1184674896665353,5.206451319399696,10910.39028781884,5.118286188259966,5.522175997155985
4dacfa3236da4c2dac77ebb404d1d5e8,5.646474513509981e-05,11673.601169029103,0.2513311947261466,0.1100360019582368,5.301614229055422,11673.519092942715,5.777746278440415,5.082052596361171
502bd48160d64796a861775621b92252,7.598960069098767e-05,11190.50563350315,0.2440136281224592,0.1142617173558269,5.237776079010497,11190.43621531635,4.986123690402105,5.108079445177134
46e58eab4f5c487590c9b44acb07e7cd,8.628463860255807e-05,11035.474150012446,0.2396651672307996,0.1182945836574653,5.199703508698556,11033.574054784194,4.203932916589112,4.820176860967966
ffd603398ea8412cb3acc3c86915abb1,0.0011387776446726,8457.582561521118,0.2118931251397763,0.1125241823749902,5.204093185052527,8189.788236645094,5.990624452504057,5.837225623737401
98e8fe13553e4ab3864aea419a850341,0.0026604185929698,7919.943697091811,0.1939741863681971,0.0981997799605466,5.101588240548896,7918.876047270857,5.359993883277317,4.7054303939873865
19b1000e92094b84843efaf3ffc29c4b,0.00216438216262,8111.894305582414,0.1970062464860345,0.0956756659560709,5.12902841915277,8111.170378614154,5.302089353593464,4.760834097083733
79deab0bfb4846c9bf6ef5c246bbb643,0.0001760147052924,10269.994005614522,0.2246548008942417,0.0948202507643992,5.245798825083304,10269.949697646038,6.150643055008337,6.4501627770371375
1b107d3e0c4e4f04b7d5f3215bea527c,0.0002630593830824,9903.61802220774,0.2161467731208327,0.1099388574403625,5.244719012194159,9903.53907592363,5.853664657864568,6.777448201932913
0265374a90c446ed9335968939e73b05,0.0007947745814507,8662.901985258164,0.2145366692938925,0.0929524829657639,5.219650519298227,8662.397359113807,6.1203038169402815,6.541178942481955
90ea47480b15499e9d846a07cadf3f1e,0.0005261726142452,9213.673125864609,0.2221654013056177,0.0986975548355658,5.248925462480769,9213.418558598723,6.004047975752745,6.403210619637294
d31d500bf2cc4f0bbf87671d5df42020,0.0030808188825302,7806.758357984797,0.189041902220391,0.0971466190399455,5.092663968298822,7804.641336987425,5.336822789208964,4.698215948622113
85f36af6108a4406a1c8b884ae37dfe1,0.0002011061320292,10123.915718886608,0.2222099768581156,0.1117026518903773,5.241090753307312,10123.88767051936,6.055950129829555,6.83481645002617
3136d93aba1b432e9f73e27ea4181de0,0.000310316101387,9738.625210220876,0.2110672811018022,0.0875725758477411,5.233458449853679,9738.505188364388,5.819237223929717,6.872293284837879
c3c984ea02624607b8a59a9fdf0642dd,0.0004757478575858,9457.30756979046,0.2017208166168008,0.0922167894059957,5.196492243023898,9456.895801273427,6.112610493005888,6.948874170819076
ed3cc572c7b84a229b3396a376b1f1fd,0.0004209270583293,9520.124334195676,0.204225010127623,0.0917318361979584,5.220664912290035,9519.900634902906,6.099256069265138,6.982377023769105
2f5a73a051f2485bb76e7132afa52765,0.0001818199235785,10218.792938913237,0.2244416537128062,0.1011538280924997,5.220945153991244,10218.759114446282,5.912270134572848,6.697180455468927
98acf3e998f241f8b505f44f01e199b2,0.000253381422383,9927.806152645368,0.2149808496024176,0.0929195184633706,5.2490812579251145,9868.429680207888,5.698175869105725,5.721437258454922
a7f2601dba084d1cafdc329cab98d898,7.045397204918817e-05,11367.064332762966,0.2458078090611729,0.1142238410893835,5.153296387386551,11366.960373401324,5.692457375951115,4.765070399968923
d78f89fe204b4019a79fb5f1b15ca9a6,0.0002694010893741,9857.09963390681,0.2155771840405177,0.0914915980975281,5.2085128348226055,9857.035787210953,6.196503743699136,7.02310625061566
4926f01967b44a389537947c80b37478,9.307335259949442e-05,10982.710054490548,0.2391208069294353,0.1184554308336414,5.153462328031993,10982.482408773893,5.079437300679446,5.3592265510575565
f29a9db1992e476f9659e8eccc2da440,0.0038053509808411,7617.867278086898,0.1780200428482155,0.0952178793674897,5.025210432574625,7614.934342494349,5.582043599505928,5.283256094704416
0a0ef2e8c01743888ced32dd4c0b0c1d,4.047684058329416e-05,13740.93156200302,0.2707466684984309,0.0960995170903707,5.204284238287707,13739.615664858196,4.703082727225146,4.710259299695916
0289670d8f8d4bbf8faecb3bce5f2baa,4.975892072765838e-05,11997.347899237058,0.2565230991072838,0.1063785450826914,5.33726028130901,11997.29010045327,5.76559073873424,5.050059239958357
1b1fb3bd424d40a9aeaff439bdf0cf59,7.273033604311533e-05,11306.630072131577,0.2453136756275699,0.1142756989218541,5.169413517856486,11306.511603731651,5.617823504150405,4.7846479701235385
cc730911d2e34703b01bbe30931f0bf9,0.0023481300151627,8030.699831275499,0.1958528496747413,0.0954178308730564,5.116931561315474,8030.165508455786,5.319617752639137,4.739858254406926
87fbafd262604e77a841f98c4d7c145e,6.590145812678208e-05,11446.655387456798,0.2471237043951497,0.1133728375409418,5.191727219602977,11445.681820802596,4.413565563319333,4.221837791751585
cd8c0cb1b2b94991a2a595ca669aae75,0.0005470880541116,9200.406690720023,0.2217283492935836,0.0985495689193476,5.234507400815275,9200.129715733372,5.999784851795108,6.432417718706002
56ff1a050f544377b2c650805558325d,0.000398211691353,9561.040745899649,0.2056712800047277,0.0913990547934027,5.206386428021789,9560.832518916082,6.128453631661139,7.021832599250567
4f3c680d4fee4fc5bd350f54bdd507be,0.0003742229608155,9596.81819128102,0.2070761365215025,0.0915112943918068,5.225346695370621,9596.652036633255,6.107267099666572,7.067571160235989
eea1368934e54cd6b531c1f3bdbb0b43,9.11207852349645e-05,11000.937248509912,0.2388513193807306,0.1185899497435525,5.159791649977391,10998.2552241448,4.709513072489287,5.094720583722228
d9e4b025fc0144819fb299f0c008901f,0.0001795510414865,10256.432027932104,0.2243883637270779,0.1042639015701248,5.157022800104394,10256.395436848408,5.891422235071329,6.727206162857448
0aece3b5db904e79885a7a30218ae3d9,0.0017641183877106,8213.62285434097,0.202900403449541,0.1061465810125798,5.2155742543981045,8163.727731091841,5.470774899104211,5.455749987884244
0abf55144951433c87da54ab6661fa43,0.0011763102510127,8432.10797462733,0.2145572128977375,0.1122622976336378,5.196877765529783,8140.78360616985,6.061492343217955,6.066813579007712
04cdd82d56f3440484e58fc52599b0b6,0.001335247967019,8349.103088340884,0.2131310827011672,0.1120379318939437,5.21690267007839,7931.30474067157,6.064310465657419,5.599620818866447
6e808c2888cb423590be4dffbbc94d2f,9.267153905972652e-05,10985.731458721604,0.2386903350274286,0.1193902314257348,5.217137595147092,10979.55423728669,4.379687297137277,5.054360468719207
6ca79f5888824e6dbfda747193e05a6b,0.0001033087028387,10789.827244860022,0.2342460152051529,0.1217316316677461,5.245245154117679,10787.3823470046,4.209987930622368,4.796719995927192
a5e60970e93c4d0f93d659cf9bc43891,0.0003078503915702,9774.220530594726,0.2103252183639589,0.0916274651222102,5.238860246895192,9743.114145577909,5.479797210625603,6.160591634399485
7926cbabc995401d8556356de35f0037,9.151813335524392e-05,10990.653986943042,0.2389533554513075,0.1188651759842891,5.2252665425355005,10984.645297676318,4.408053997202687,5.089032494115542
c52daaf14c9742a5a272448276e142f8,4.311590617829619e-05,12619.81664716484,0.2632474240810465,0.1033951955679675,5.225988049485743,12619.804193010965,4.901162869609679,4.685625417691926
59603e9e28a44f68bf1789243280d8e6,0.0019374008897058,8191.0271653861,0.1974788495598526,0.1070482322977843,5.159340723920924,8137.416416806432,5.562340148218015,5.476910754712523
c803f15b76b44b569271175bf86ea798,0.000646525962549,8958.391178058051,0.219089486530089,0.0969304538082727,5.22407968089262,8958.086843991328,6.039441216172903,6.545816240890305
8f55aebb7e344c26bca406bf312e1967,0.0001195559068646,10629.324142431877,0.2322553407585465,0.1226078409230682,5.247092482839163,10594.79866635799,5.1351287295619965,5.649710489769674
00419356a5ec4ddc899a27f9773e30ef,8.219254214016699e-05,11054.715055863482,0.240718046005407,0.1166822202287494,5.232192916899329,11054.612581869422,4.930940958116935,5.2229420107644415
236767072b594658a74e42260f0d2ad8,0.0001661841428707,10301.66419259126,0.2268567778549056,0.1068109575105502,5.233583816245085,10301.643962999831,6.097520320995812,7.056737601337325
e2069704b62e4b41bd7415d375f503b9,7.902433038095073e-05,11120.828113519312,0.2425439830179693,0.1154301018887128,5.260027025651586,11120.753529588994,5.001093077800076,5.207341727394754
c4d8c11894c945e6972fb69dd28bb119,0.0021989837907988,8093.8238552433795,0.1968372008855983,0.0953251111662282,5.127838047688596,8092.977280236866,5.304429592763051,4.758366493717318
8d0b43bc2a874c24989576d869d7365c,0.0002333174298442,9962.331478380103,0.2171396959068288,0.1035672868055734,5.225935320353048,9962.265950840369,5.943927171127853,6.955283009363197
f3fbf7d68af94273b098add51a01bea4,0.0003535121574596,9640.432351578069,0.2082013720092082,0.0918736384408125,5.22551228358663,9640.255878963311,6.0566477688099,7.028698791634973
f8d025d1c5ae4cfe96fe677701fa75f5,0.0024329157144955,7967.21797959341,0.1959029024031133,0.1007703677177202,5.120372354167993,7966.09810278782,5.384369468675985,4.7846419561024165
be7b10ee9ed149489e60cae0b9222310,6.110822137403443e-05,11584.033957234084,0.2503342854306074,0.1107029758684743,5.2113616118327455,11583.52301794572,4.436026608526352,4.262307365055733
6aa03af72ad2477580129ac93d334e0f,0.0025813812099847,7934.24144563594,0.1943146194955404,0.0964531043641897,5.133904285722372,7933.222683161463,5.29697068965999,4.65774105498528
897e78aa7ed34423b5227c18d7208f60,0.0007239705266648,8778.717420370001,0.2176915832003885,0.0940745040408489,5.2338296159091255,8778.373368861623,6.022715962965461,6.563199987439949
7b920c0344f14930bea92cad13197014,7.061427383875182e-05,11336.71694529284,0.2460635835325603,0.1132337652462242,5.244725073843362,11331.891659071158,4.208396363860551,4.535807616437958
cfa858d54bb94893a246966ea8890709,9.883578189457624e-05,10875.873626761137,0.2363400417319236,0.120283570752606,5.202979803618601,10873.908555770042,4.244206308891722,4.796930400846779
97a8cbfcb461446b9c65a35aeca31c7d,7.488131441367972e-05,11249.6430169977,0.243868552600501,0.1151319527922004,5.235495817838832,11245.057799680138,4.156826462018288,4.4997190222633465
9806a786386344e2a5595c9131df5f64,9.020966374460224e-05,11028.106813342418,0.2393966113896774,0.1182026977944036,5.147571438324713,11025.538797952337,4.673800028774068,5.01651171872646
4098c6af8abf4e7f8b96070bb4de7dd3,7.189528452456968e-05,11333.236612553002,0.2458026758984584,0.113777530033365,5.227226639831937,11329.082538887644,4.155599024517701,4.395468182665467
ef70afbbb8b64681bc76dd9ecdf14720,0.0001977880363308,10161.940734056112,0.2225038107793714,0.1027566461086348,5.179242615516105,10161.903355537444,5.979136589262659,6.723338611696437
121feaa6102f4d96b18974f1c874efbb,0.0009146479268296,8589.8177451062,0.2147091702790766,0.1159378202076516,5.226828646193389,8392.151186105884,6.035574958135347,6.084975143656705
9314089cd47949d980f14ab6e971ee6d,9.008048444233493e-05,11029.150531691696,0.2409482017718653,0.1166889577791117,5.163975400734679,11029.03447238056,5.06208174555995,5.325917194596681
91c5d3278c844fbdbbecccc00a6062b3,8.99781552300374e-05,11032.852768992432,0.2406527569098972,0.1171943557878599,5.158343320048076,11032.734350540755,5.043084119286267,5.346608058463969
9a6ad025dca34daba6f954a2f15f17a0,9.9044401437162e-05,10865.10527315027,0.2365207676992112,0.1198955220838226,5.196606948896282,10862.497052215092,4.6173605758238825,5.229652123650308
ec0e80dcdcd546eeb2c1cdabd3a58361,5.191396874975093e-05,11904.355199869782,0.2551264333623837,0.1072316311137366,5.216630128590663,12011.258163714238,5.674928621024597,5.033060817367384
ba1b18c778e14ce4be9b30b35a1a3a1e,0.000342012998307,9693.326686442566,0.2090352338120515,0.0950933904276429,5.234730284101922,9651.884955117062,5.95030135771596,6.59911865137014
495e4da945af4440ae2a14a50481ba0e,9.36382171518166e-05,10918.881407200985,0.2388118161767062,0.1177615626813307,5.226373023567941,10918.743610168432,4.883590173216465,5.447438207038864
c9064004f3e94a308196a608563189db,0.0032207054275234,7699.200718667374,0.1861525135103362,0.0981100800668995,5.112204831111243,7696.35374215873,5.473161309707553,4.888355038189482
321e7686330c4a06953f405a5ba62fbb,0.0002497287741963,9945.189701914776,0.2179888848857792,0.1015286209950434,5.167030437317975,9945.107822476108,6.063719514659675,7.028242408950846
d3386f61f4404d3283a0dcfc8eecb488,0.0003481801106251,9684.332832689286,0.2093959351155534,0.0911268751694543,5.1880770184671965,9684.207727640278,6.028936792777771,7.027113665725008
4547433fedee4a3188b2cd68f65a8943,0.0001671057730374,10274.908598359449,0.2232249937379838,0.0931403625571763,5.24677193727094,10274.204967829206,4.9532155157348985,5.8316515170849295
19545127fff04db5b626ebde0804a9cd,0.0001007389868386,10857.566308108511,0.2357242934403438,0.1204443245676351,5.191702240361352,10853.726251039368,4.656205044683197,5.065762372242414
1488fb097eb544a58ab95eabb579dacf,9.56233620796998e-05,10885.028242616954,0.2377245210403052,0.1188778294642352,5.207083359340876,10884.792428705408,5.1097498097461465,5.529242328076773
e9c2c9c068cc4541bb141c8755ecc03d,5.622137917909654e-05,11707.18042670498,0.2515472925628578,0.1101417668968236,5.27163593929978,11707.106235811709,5.7632293236642855,5.136418007863129
2e82148e24d8442c91f7c18a3297fac1,0.0001156396022216,10660.485239708414,0.2332768777108288,0.1216801182216375,5.248418995720687,10630.861001843254,5.137263715984742,5.65848348340815
8aece5dbf9e5436b9f19145aa73f7571,0.002326990761179,8063.631936360711,0.1957248771656975,0.0966775070095348,5.131250045188177,8063.008843334071,5.250689950557012,4.680985843069365
0578f3b55a3a41d5907935a3cbf5c7df,0.0020351764254504,8145.771355165403,0.1993452471433003,0.104742001998822,5.211366939760825,8088.036886358765,5.33989854625597,5.358482449473614
07a33ad837e24694854f673bd3662d0d,5.554733209710792e-05,11733.719362007174,0.2520048998136386,0.1098649506218538,5.268258989255179,11733.657306224732,5.6495888664835325,5.064658393384071
6f3264e0e66948e9913dc6e2d5c26d08,0.0002030206938963,10115.241941755869,0.2219065278635318,0.1032523335171916,5.205162158473326,10115.202805058958,6.051497686026829,6.793486680963516
0b65c8edfe89463bac5d5b547a20fb2b,5.171440809528405e-05,11911.01441790788,0.2548342405396268,0.1076895672484627,5.323416305523376,11910.918950947043,5.637357034536004,4.964589718078772
ee60138edfc8413a9b1c16a737e8274d,0.000702317918566,8839.24499457166,0.2181017368255822,0.0937528036835382,5.230189928493487,8838.890448152286,5.999089548687907,6.570466738017276
7da34a2a183a43919efb90b7cf229dcd,0.0001444027464893,10473.982335926132,0.2260308905289939,0.0972699237058645,5.213575349828547,10468.253136591438,4.3372332560124045,5.004380671521735
644315bba4cd42c0bcd07dc572c91b92,0.0002117349777359,10029.792972140363,0.2191558019909534,0.1011997634109403,5.247126309746501,10029.744186584445,6.025524205490868,6.7448248680363605
6db8663cc9b04f358728cc703b1433e5,0.000157921679168,10337.25885830006,0.2246803896380871,0.1009307169730437,5.218810031971385,10336.782173845191,4.905949122387147,5.855846259010812
f60eeba18d8e478583c43ab1e11063ff,0.0031568675031478,7716.441301789721,0.1865022256536851,0.0983340931254324,5.119646505465913,7714.278445840597,5.448555644127655,4.875727630849254
98ceb9d0c8e942aaa07f87b7f196828c,0.0020146782693835,8159.871205266792,0.2014994597869406,0.1063290652623173,5.191959132624657,8102.791423627711,5.417607894795121,5.3848087499280695
203b7af78a23437e8f7ccf30a985956d,0.0002224320663526,9987.743745310154,0.2184562705691251,0.1067316274046534,5.246828970717224,9987.67377242846,6.071921610741481,6.893256753143972
4754932b507f40f49d3b45102dded6d6,4.058981608065618e-05,13728.875463645863,0.2707793197588843,0.0961560475769265,5.206920958904945,13727.127033077117,4.6959779630368566,4.709694542865818
225196a2303b4753b33fbdf8d32edd1a,0.0002702921945761,9831.859059701126,0.2142261796238284,0.0879215664512149,5.234589741065274,9831.750826567772,5.981662531222937,6.919631930825957
0c9dd42f654742708db874ff9f847fcc,0.0005093896888508,9265.638794745142,0.2225882360492986,0.0980197773204597,5.24534945333972,9265.41989852146,6.010135908887474,6.402865695656388
d6dfb9f6381441dfa9f6c9b686fbb3d9,4.385453067434158e-05,12546.48578195004,0.2622784175912902,0.1042725463215319,5.212775696979367,12546.455311316757,4.909666666617385,4.691560412184159
a8b37c83e9ff423888c03c494a113048,0.000344028624556,9685.511066153724,0.2088322348766436,0.0950175236419897,5.237578327273686,9644.354995105292,5.964676682826854,6.595268341929498
663c8f4a163843eabe13cad1987b8077,0.0006128581344281,8960.490391622761,0.2209366847235139,0.0986695250361877,5.235958148951829,8960.198465761016,6.132992689606743,6.53862152502522
8697180be2b040a88ee27049cfe07db1,0.0019987744320188,8163.80387225134,0.1970726056472649,0.1072395371981763,5.158518190914633,8108.014877221378,5.544388037183479,5.484142544588693
9b19436d83b2420199d0015f5541b8af,0.0002396978952231,9945.506980025948,0.2166333610737034,0.1051476968727255,5.240778585273892,9945.428462865571,6.086092058033214,6.806746903826432
6503924d3b06409baa2331e24b725c2e,0.0001632554731048,10312.725590524147,0.2265009368036938,0.0999111807745805,5.238196567829546,10312.693697970606,5.777966383863166,6.580860924720732
13a35d4e494842489fcb6ab884176217,6.3725654738133e-05,11521.193268262772,0.2489114072070756,0.1118537555930643,5.179917005747788,11520.679853382164,4.43618168231084,4.271558973617311
21bcac2d763f496fa1d73727e925527b,7.193710625425642e-05,11313.727007146172,0.2444061760592763,0.1154819215006926,5.311274566006214,11313.607121909983,5.645510584089775,4.768986391611435
023ded102f5145e0a023fa8c1b480e95,5.00083970109493e-05,11987.409089523717,0.2563271058763315,0.1065717904732956,5.2275827388598906,11987.34676348464,5.730728574741829,5.036482993637234
eefdc67729cf49c5978bedf7352ffa58,0.0001008929773674,10850.219786499698,0.2370309372151956,0.119634838314754,5.2094596677754135,10847.375933716894,4.634722830930702,5.210151353204364
331687162af64ff6bb4de89faafaee20,4.953764013414994e-05,12012.61279520658,0.256730226094534,0.1062464755058169,5.257527552975359,12012.539223096912,5.764509049099714,5.046074482346396
0c46cb42990b454788971cf930e8b5c2,4.876188304659541e-05,12058.74137798098,0.257561678968237,0.105535632110839,5.277153660615474,12058.672324678377,5.7597120301819,5.031987440117944
f2ddcd0a342b4b4494e847c90324862a,0.0004973033221532,9309.903383037776,0.2223907072843821,0.0986428820598682,5.245251379007179,9309.678859856484,6.007425824113334,6.446957465048505
a0833bfab0c349faa6fe52f117b6fb95,7.563795875085381e-05,11239.547057503038,0.2444344833473691,0.1143111862566953,5.200925159614871,11238.488413959029,4.668161452279094,4.861887859847109
6259307a9bf949068fdffc45bd8b64a2,5.0593652848716176e-05,11963.551921087786,0.2558050485183627,0.1067982855460082,5.2424475341792105,11963.487271817698,5.710053984189433,4.998742052349809
16370d9f5f884b02ad9bccfc82ae8a5c,0.0002111528694668,10082.593146426614,0.2202478191804012,0.1032236354721961,5.195793634495366,10082.539650888326,5.899085290307207,6.709463830051967
af377ea75dfe4a198fbd2a1c1163e947,4.2618796238614096e-05,12662.343823292473,0.2635363277922369,0.1033822156097281,5.191668533153065,12662.31605009449,4.91886795925838,4.68230502606481
a4d52e83afa54829bec1a00007e6c700,4.335326378885541e-05,12581.201183592406,0.2628123776210602,0.1037781656639643,5.238301061574527,12581.180730130623,4.904075447910097,4.692272162882346
3d1162a9af2f4eaaae46697fbb49f94e,0.000129770914763,10560.819760429738,0.2316247644907894,0.1206539127173896,5.233716083065355,10559.120940884624,5.372100125865877,6.057446711364123
5ff3e628d6cc4ba4bb3b084697b67167,3.982028292848424e-05,13822.795534870971,0.2709588630140553,0.0970111340073121,5.213207043410585,13821.284730748812,4.7101477014270206,4.727701186442154
d021089308af4fb2891ff5d1bc8c1b51,0.0001997767406132,10155.995353441142,0.2217039946593394,0.1030209295753321,5.160423175238453,10155.954886231446,5.894567556087262,6.733782964151984
e2d71510dfda4eb6af2b4fc25d54972a,5.441881997250684e-05,11798.182300118076,0.2521867161677328,0.1102970796538383,5.302841609596084,11797.872453022526,4.299860463205787,4.276277454841238
4a421586ce0a4b49ad29de08dbb91499,0.0001570562664493,10375.3262065871,0.2255199978657551,0.0994003532172444,5.177705869608913,10374.884418115294,4.86213326276336,5.732136071532129
345907530225424fbd286b3b0bcd0cd9,0.0001518991764279,10375.822317884442,0.2261399771583618,0.120189840501578,5.293309691799615,10373.301755146174,5.453197361294291,6.222064056010354
870eb893128b4189985183bff0b3fe5f,6.220129845872279e-05,11557.30411617793,0.2496286392269104,0.1112484930044112,5.199589528023803,11556.809177706204,4.42301399371566,4.24074651940699
d64707ef42474c669f19135f9be0bfb3,0.0018159023864313,8200.660785215658,0.1981683345626575,0.1081702776481849,5.188390349400858,8149.974872319737,5.548798268487363,5.490337963120563
560289d52ccd4d548fa3cc041a6ba992,5.529726309649245e-05,11753.3038610745,0.2522775559990754,0.1097848451064758,5.453129526234783,11753.165360788884,5.58085761148702,4.970671243302903
8fe0c60953be4384a093560b65b5dee9,5.396679685102131e-05,11845.59980799343,0.2542869848487389,0.1079499968791194,5.226062928857168,11912.52777995028,5.669564577966522,4.997533593282482
c05b5b44d5d04ecc9e7ae41e0933bade,0.0012748229595245,8374.994440548047,0.2156777200162413,0.1133004104549082,5.242357587394126,7965.853089585703,6.041140978233468,5.850050374006563
3e385791ef8e42238c319b8f42bf1cd1,5.456029056827477e-05,11796.313769906146,0.2532908234067474,0.1087878294982852,5.19921917634497,11796.269152969444,5.662542158412357,5.06381541346386
7a441a90548547aea7157ee6395096b8,0.0002359811173593,9949.974415175522,0.2175542146993056,0.0867385715851126,5.219104678890679,9949.922646879602,5.954277523316676,6.570710552593686
3eaba58f203746679a91649a79c07061,9.037103396372734e-05,11004.87228553063,0.2404635027179197,0.1169810941106926,5.180511352917505,11004.746325431282,5.048131907201737,5.405265949885571
e4c300947fe24ffb8dff13365a5c4825,0.000140263791619,10481.97069020493,0.2293894048618059,0.1196404247371379,5.220631772333279,10480.287843942237,5.328724190268242,6.0833074122478425
51ae6d67b3bb42bb95fecff72888d6d9,4.441410833596394e-05,12543.5020036669,0.2637978158261642,0.1013310444305975,5.180530908480031,12542.118448876943,4.3751241556535145,4.509727475559391
ece51905432c4524b48e5e5329158dc9,4.340856072803368e-05,12547.411374437475,0.2618686105289095,0.104906015703844,5.187406602127307,12547.401950433348,4.9159266628659015,4.676518866218465
